{
  "cohort": {
    "n": 5000,
    "term_months": 36,
    "horizons_months": [
      12,
      24,
      36
    ],
    "lifetime_horizon_months": 35,
    "cause_counts": {
      "prepay": 2517,
      "default": 1842,
      "admin": 641
    },
    "default_share": 0.3684
  },
  "pd_at_horizons": {
    "naive": {
      "pd_12m": 0.16659259480659594,
      "pd_24m": 0.3948242657817793,
      "pd_36m": 0.5942805147969215,
      "pd_35m": 0.5773985065788726
    },
    "ipcw": {
      "pd_12m": 0.14175112188982264,
      "pd_24m": 0.3248364175948947,
      "pd_36m": 0.4987209322044521,
      "pd_35m": 0.485058501029489
    },
    "aalen_johansen": {
      "pd_12m": 0.14560000000000212,
      "pd_24m": 0.28800000000001147,
      "pd_36m": 0.36840000000002493,
      "pd_35m": 0.363000000000024
    }
  },
  "pd_lifetime": {
    "horizon_months": 35,
    "naive": 0.5773985065788726,
    "ipcw": 0.485058501029489,
    "tipping": {
      "rho_grid": [
        0.25,
        0.375,
        0.5,
        0.625,
        0.75,
        0.875,
        1.0,
        1.125,
        1.25,
        1.375,
        1.5,
        1.625,
        1.75,
        1.875,
        2.0,
        2.125,
        2.25,
        2.375,
        2.5
      ],
      "lifetime_pd": [
        0.4359168554309953,
        0.4656831796295363,
        0.49308622335842966,
        0.5183252211068201,
        0.5415820095302456,
        0.5630225828084122,
        0.5827985065788766,
        0.601048203472599,
        0.6178981220652904,
        0.6334637999601513,
        0.6478508307222549,
        0.6611557434827203,
        0.6734668032131841,
        0.6848647389299121,
        0.695423406415024,
        0.7052103914331747,
        0.7142875588697731,
        0.722711552716047,
        0.7305342513721573
      ],
      "decision_band": [
        0.5,
        2.0
      ],
      "decision_band_min": 0.49308622335842966,
      "decision_band_max": 0.695423406415024
    },
    "clean_cohort_pd": 0.5988456161502111
  },
  "cause_overlap": {
    "any_imbalanced": true,
    "smd_threshold": 0.2,
    "ks_p_threshold": 0.01,
    "table": [
      {
        "covariate": "Z",
        "cause_a": "admin",
        "cause_b": "default",
        "n_a": 641,
        "n_b": 1842,
        "mean_a": 0.19085619866064016,
        "mean_b": 0.6755508397635408,
        "smd": -0.6547761860034357,
        "ks_d": 0.2736088596638328,
        "ks_p": 7.389597626012593e-32,
        "imbalanced": true
      },
      {
        "covariate": "util",
        "cause_a": "admin",
        "cause_b": "default",
        "n_a": 641,
        "n_b": 1842,
        "mean_a": 0.3034292095594176,
        "mean_b": 0.2794479564242245,
        "smd": 0.14835956496895614,
        "ks_d": 0.08351076714078336,
        "ks_p": 0.0024481340096341973,
        "imbalanced": true
      },
      {
        "covariate": "Z",
        "cause_a": "admin",
        "cause_b": "prepay",
        "n_a": 641,
        "n_b": 2517,
        "mean_a": 0.19085619866064016,
        "mean_b": -0.5267727882694987,
        "smd": 0.9409707341415241,
        "ks_d": 0.3710525059858175,
        "ks_p": 2.697850081108907e-63,
        "imbalanced": true
      },
      {
        "covariate": "util",
        "cause_a": "admin",
        "cause_b": "prepay",
        "n_a": 641,
        "n_b": 2517,
        "mean_a": 0.3034292095594176,
        "mean_b": 0.2879088389664105,
        "smd": 0.09507484606124836,
        "ks_d": 0.05851008772174487,
        "ks_p": 0.05774513966311902,
        "imbalanced": false
      },
      {
        "covariate": "Z",
        "cause_a": "prepay",
        "cause_b": "default",
        "n_a": 2517,
        "n_b": 1842,
        "mean_a": -0.5267727882694987,
        "mean_b": 0.6755508397635408,
        "smd": -1.4143584699251166,
        "ks_d": 0.5189771443435454,
        "ks_p": 4.3130964865566257e-262,
        "imbalanced": true
      },
      {
        "covariate": "util",
        "cause_a": "prepay",
        "cause_b": "default",
        "n_a": 2517,
        "n_b": 1842,
        "mean_a": 0.2879088389664105,
        "mean_b": 0.2794479564242245,
        "smd": 0.05315665769388345,
        "ks_d": 0.03168228036323683,
        "ks_p": 0.22973791491306997,
        "imbalanced": false
      }
    ]
  },
  "ipcw_weights": {
    "min": 0.3637298554968201,
    "median": 0.9571221199789819,
    "p99": 5.263320658351037,
    "max": 12.826733204822217,
    "cap_value": 5.263320658351037,
    "cap_share": 0.01,
    "stabilised": true
  },
  "competing_risks": {
    "aalen_johansen_horizon_pd": {
      "12": 0.14560000000000212,
      "24": 0.28800000000001147,
      "36": 0.36840000000002493,
      "35": 0.363000000000024
    }
  },
  "holdout": {
    "pd_full": 0.5773985065788726,
    "pd_clean": 0.5988456161502111,
    "pd_full_minus_clean": -0.021447109571338552,
    "n_full": 5000,
    "n_clean": 1681,
    "prepay_share_full": 0.5034,
    "prepay_share_clean": 0.5092207019631172,
    "horizon_months": 35
  },
  "fine_gray_default_coefs": {
    "Z": 1.0007146147759218,
    "util": -0.11138550925982695
  },
  "errors": {}
}