{
  "cohort": {
    "n": 6000,
    "horizon_months": 60,
    "prepay_share": 0.4211666666666667
  },
  "pd_12m": {
    "oracle": 0.10549999999999937,
    "naive": 0.1090548161320345,
    "ipcw": 0.058970009390361455
  },
  "pd_lifetime": {
    "oracle": 0.5026666666666664,
    "naive": 0.5975104373910829,
    "clean_cohort": 0.5131354438381239,
    "tipping_range_0p5_2p0": [
      0.5298938684897231,
      0.701641865621617
    ]
  },
  "cause_overlap": {
    "ks_admin_vs_prepay": {
      "D": 0.4200816832220458,
      "p": 8.74953426370405e-110
    }
  },
  "ipcw_weights": {
    "min": 1.0,
    "median": 1.2726945746211578,
    "p99": 11.205040599122288,
    "max": 20.0
  }
}