{
  "fit_date": "2026-04-28",
  "n_loans_train": 6067,
  "n_rows_train": 186043,
  "n_events_train": 1961,
  "holdout_vintages": [
    18,
    19,
    20,
    21,
    22,
    23
  ],
  "validation": [
    {
      "horizon_m": 12,
      "n": 1933,
      "event_rate": 0.09777547853078117,
      "AUC": 0.6699371389738362,
      "Brier": 0.08363702645692658
    },
    {
      "horizon_m": 24,
      "n": 1933,
      "event_rate": 0.21003621314019658,
      "AUC": 0.6815191898858317,
      "Brier": 0.15125042577060804
    },
    {
      "horizon_m": 36,
      "n": 1933,
      "event_rate": 0.3269529229177444,
      "AUC": 0.694919438795863,
      "Brier": 0.19465526790647
    }
  ],
  "cov_type": "cluster(loan_id)",
  "horizons_validated": [
    12,
    24,
    36
  ],
  "param_hash": "98b5f618933e0633"
}